WORLD,71,69,73,269,136,Ñ,Ñ,78,76,1.03,0.66,34,20,7336,20,8,Ñ,8505,9804,37,2.5,26,8,15030,53,523,62,56
WORLD MOREDeveloped,79,76,82,25,15,Ñ,Ñ,104,104,1.27,0.79,48,23,1254,11,10,2,1295,1310,5,1.7,16,17,39020,77,238,67,59
LESSDeveloped,69,68,72,338,159,Ñ,Ñ,74,71,0.99,0.63,28,19,6082,22,7,-1,7210,8495,40,2.6,28,6,9870,48,696,61,55
LESSDeveloped (Excl. China),68,66,70,443,200,0.4,0.7,69,66,0.94,0.56,28,17,4702,24,7,0,5779,7120,44,3,32,5,8740,46,612,54,46
LEASTDeveloped,62,60,63,900,384,0.5,0.8,46,40,0.66,0.79,27,22,938,34,9,-1,1300,1887,62,4.3,40,4,2270,29,521,37,32
AFRICA,60,58,61,801,412,0.9,1.5,54,49,Ñ,0.73,30,21,1171,36,10,0,1658,2473,59,4.7,41,4,4720,40,487,35,29
SUB-SAHARAN AFRICA,57,56,59,964,488,1.1,1.9,49,42,Ñ,0.84,35,21,949,38,11,0,1369,2081,64,5,43,3,3480,38,484,30,25
NORTHERN AFRICA,71,69,72,242,118,<0.1,<0.1,78,75,1.09,0.32,20,Ñ,222,29,6,-1,289,392,29,3.4,31,5,9740,51,500,51,46
Algeria,74,72,77,160,89,<0.1,<0.1,96,100,1.51,0.21,18,26,39.9,26,6,-1,49.9,60.4,21,3,28,6,13540,73,524,56,48
Egypt,71,70,73,120,45,<0.1,<0.1,90,88,0.89,0.32,19,Ñ,89.1,31,6,0,117.9,162.4,22,3.5,31,4,11020,43,3196,59,57
Libya,71,69,74,31,15,Ñ,Ñ,Ñ,Ñ,Ñ,0.39,Ñ,16,6.3,21,4,-11,7.5,8.4,14,2.4,29,5,16190,78,359,42,20
Morocco,74,73,75,310,120,<0.1,<0.1,74,63,0.89,0.35,22,11,34.1,22,6,-2,38.7,41.9,26,2.5,25,6,7180,60,425,67,57
Sudan,62,60,64,720,360,0.1,0.2,43,39,1.12,0.41,Ñ,Ñ,40.9,38,9,-2,61.7,105,52,5.2,43,3,3980,33,193,12,12
Tunisia,76,74,78,91,46,<0.1,<0.1,89,93,1.62,0.35,28,31,11,19,6,-1,12.3,12.9,16,2.1,23,8,10600,68,388,63,50
Western Saharae,68,66,70,Ñ,Ñ,Ñ,Ñ,Ñ,Ñ,Ñ,Ñ,Ñ,Ñ,0.6,20,6,9,0.8,0.8,37,2.4,26,3,Ñ,82,Ñ,Ñ,Ñ
WESTERN AFRICA,55,54,56,1053,539,0.6,1,47,40,Ñ,0.76,Ñ,10,349,39,12,-1,509,784,64,5.4,43,3,4040,45,402,16,12
Benin,59,58,61,600,340,0.2,0.4,65,43,0.27,0.86,26,7,10.6,37,10,0,15.1,21.5,67,4.9,45,3,1850,45,393,18,13
Burkina Faso,56,56,57,770,400,0.4,0.5,31,26,0.49,0.86,Ñ,13,18.5,44,11,-1,28.4,46.6,69,6,45,2,1660,27,308,18,18
Cape Verde,75,71,80,230,53,0.8,0.3,89,103,1.46,0.62,Ñ,21,0.5,21,6,-2,0.6,0.7,22,2.4,31,6,6320,62,1090,61,57
C™te dÕIvoire,51,50,52,740,720,0.9,1.4,46,32,0.62,0.64,21,9,23.3,37,14,0,32,46.3,74,4.9,41,3,3350,50,805,18,13
Gambia,59,58,60,710,430,0.4,0.7,59,56,Ñ,0.87,Ñ,9,2,42,10,-1,3.1,5,47,5.6,46,2,1580,57,459,9,8
Ghana,61,60,63,760,380,0.4,0.6,69,65,0.63,0.94,32,11,27.7,33,8,-2,37.7,52.6,41,4.2,39,5,3960,51,588,27,22
Guinea,60,58,61,1100,650,0.4,0.7,47,29,0.44,0.84,18,22,11,38,12,0,16,24.2,67,5.1,42,3,1140,36,366,6,5
Guinea-Bissau,54,53,56,930,560,0.8,1.5,Ñ,Ñ,Ñ,0.87,Ñ,14,1.8,37,13,-1,2.5,3.5,92,4.9,43,3,1430,49,594,16,14
Liberia,60,59,61,1200,640,0.3,0.4,42,33,0.63,0.9,24,11,4.5,36,9,-1,6.4,9.4,54,4.7,42,3,820,47,899,20,19
Mali,53,53,53,1100,550,0.5,0.7,50,40,0.43,0.62,Ñ,9,16.7,44,15,-4,26.1,43.6,56,5.9,47,3,1660,39,245,10,10
Mauritania,63,62,64,630,320,0.2,0.4,30,29,0.44,0.36,Ñ,22,3.6,34,9,-1,5,7.1,72,4.2,40,3,3700,59,883,11,10
Niger,60,59,61,1000,630,<0.1,0.2,22,15,0.34,0.45,36,13,18.9,50,11,0,33.8,68,60,7.6,52,4,950,22,118,14,12
Nigeria,52,52,53,1200,560,0.7,1.3,46,41,Ñ,0.76,Ñ,5,181.8,39,14,0,261.7,396.5,69,5.5,43,3,5680,50,520,15,10
Senegal,65,63,67,530,320,0.1,0.1,43,39,0.59,0.75,27,43,14.7,37,8,-1,21.5,32.3,33,5,42,4,2290,45,439,22,20
Sierra Leone,50,50,51,2300,1100,0.2,0.4,48,42,Ñ,0.95,Ñ,12,6.5,37,14,-1,8.3,10.6,92,4.9,41,3,1830,41,375,17,16
Togo,57,56,57,660,450,0.5,0.8,Ñ,Ñ,0.39,0.99,Ñ,18,7.2,38,11,0,10.5,16.3,49,4.8,42,3,1310,38,273,20,17
EASTERN AFRICA,61,59,63,1034,440,1.3,1.9,41,38,Ñ,0.92,36,28,388,36,9,0,562,841,52,4.8,43,3,1930,24,560,41,35
Burundi,59,57,61,1300,740,0.3,0.4,37,29,0.42,1.02,Ñ,35,10.7,43,10,0,17.2,30.4,65,6.2,46,3,790,10,977,22,18
Comoros,61,60,62,630,350,Ñ,Ñ,63,65,0.86,0.44,Ñ,3,0.8,33,9,-3,1,1.3,36,4.3,41,3,1530,28,868,19,14
Djibouti,62,60,63,400,230,0.5,0.8,53,43,0.68,0.54,Ñ,13,0.9,27,9,-3,1.1,1.2,58,3.4,34,4,Ñ,77,38827,19,18
Eritrea,63,60,65,1700,380,0.2,0.3,Ñ,Ñ,0.5,0.89,Ñ,22,5.2,37,7,-5,7.3,10.4,46,4.4,43,2,1180,21,981,8,7
Ethiopia,64,62,65,1400,420,0.5,0.6,Ñ,Ñ,Ñ,0.88,39,26,98.1,31,8,0,130.5,165.1,49,4.1,41,4,1500,17,641,42,40
Kenya,62,60,65,490,400,Ñ,Ñ,69,65,0.7,0.86,36,21,44.3,31,8,0,60.1,81.4,39,3.9,41,3,2890,24,794,58,53
Madagascar,65,64,66,740,440,0.2,0.1,39,38,0.94,0.96,37,21,23,34,7,0,34.3,52.8,38,4.4,41,3,1400,33,660,40,33
Malawi,61,60,62,1100,510,2.4,4.1,38,35,0.65,1.04,Ñ,17,17.2,37,11,0,24.7,36.6,53,5,44,3,780,16,458,59,57
Mauritius,74,71,78,70,73,0.2,0.2,94,98,1.22,0.59,38,12,1.3,11,8,-1,1.3,1.2,14.5,1.4,20,9,18290,41,1663,76,39
Mayotte,79,76,83,Ñ,Ñ,Ñ,Ñ,Ñ,Ñ,Ñ,Ñ,Ñ,Ñ,0.2,31,2,-5,0.3,0.5,4,4.1,44,3,Ñ,50,Ñ,Ñ,Ñ
Mozambique,54,52,56,1300,480,Ñ,Ñ,27,25,0.69,1.03,Ñ,40,25.7,45,13,0,41,72.9,83,5.9,45,3,1170,31,455,12,11
Reunion,80,77,84,Ñ,Ñ,Ñ,Ñ,Ñ,Ñ,Ñ,Ñ,Ñ,Ñ,0.9,17,5,-3,1,1.2,8,2.4,24,10,Ñ,94,Ñ,67,64
Rwanda,65,63,66,1400,320,1,1.3,31,34,0.75,1.01,34,58,11.3,31,8,-1,15.8,21,32,4.2,41,3,1530,28,959,53,48
Seychelles,73,69,78,Ñ,Ñ,Ñ,Ñ,69,75,2.2,Ñ,53,44,0.09,17,8,6,0.1,0.1,12.7,2.4,22,8,24630,54,9173,Ñ,Ñ
Somalia,55,53,57,1300,850,0.2,0.2,Ñ,Ñ,Ñ,0.49,Ñ,14,11.1,44,12,-7,16.9,27.1,79,6.6,47,3,Ñ,38,985,15,1
South Sudan,55,54,56,1800,730,0.7,1.3,Ñ,Ñ,Ñ,Ñ,Ñ,24,12.2,36,12,11,17.3,24.8,77,6.9,42,3,2030,17,Ñ,4,1
Tanzania,62,60,63,910,410,1.4,2.1,34,32,0.54,0.98,33,36,52.3,39,9,-1,79.4,129.4,37,5.2,45,3,2530,30,360,34,26
Uganda,59,58,60,780,360,2.3,3.7,29,25,0.78,0.96,35,35,40.1,40,9,-1,63.4,104.1,54,5.9,48,2,1690,18,582,27,26
Zambia,53,51,56,580,280,3.3,4.2,Ñ,Ñ,Ñ,0.85,Ñ,13,15.5,43,13,0,23.7,42,75,5.6,46,3,3860,40,408,49,45
Zimbabwe,61,60,62,520,470,4.8,7,48,47,0.85,0.93,34,35,17.4,33,9,-3,25.2,37.5,55,4.3,43,3,1710,33,436,67,67
MIDDLE AFRICA,52,50,54,1061,672,0.6,1,48,32,0.48,0.9,Ñ,17,149,44,14,0,229,378,96,6.1,46,3,2680,46,569,20,10
Angola,52,50,53,1400,460,0.6,1.1,38,25,0.37,0.82,Ñ,37,25,46,14,1,39.4,65.5,95,6.1,47,2,7150,62,421,18,12
Cameroon,57,56,58,720,590,1.2,2.1,56,48,0.73,0.83,26,27,23.7,37,11,0,34.4,51.9,57,4.9,43,3,2940,52,383,23,14
Central African Republic,50,48,52,1200,880,1.4,2,24,12,0.36,0.85,Ñ,Ñ,5.6,45,16,0,8.5,13.9,109,6.2,45,3,610,39,307,15,9
Chad,51,50,52,1700,980,0.6,1,31,14,0.24,0.81,Ñ,15,13.7,48,14,1,21.8,37.4,95,6.5,48,2,2130,22,279,5,2
Congo,58,57,59,670,410,0.9,1.4,57,50,0.75,0.94,Ñ,12,4.8,37,10,-8,6.7,10.2,61,4.8,41,3,5120,64,870,45,20
Congo Dem. Rep.,50,48,52,1000,730,0.3,0.5,54,33,0.45,0.97,Ñ,8,73.3,46,16,0,114.9,193.6,108,6.6,46,3,700,42,1044,20,8
Equatorial Guinea,57,56,59,1600,290,1.3,2.5,Ñ,Ñ,Ñ,0.88,Ñ,20,0.8,37,13,5,1.2,1.8,70,5.1,39,3,22480,39,667,13,10
Gabon,63,62,64,380,240,0.6,1.3,Ñ,Ñ,Ñ,0.86,35,16,1.8,32,9,1,2.4,3.3,43,4.1,38,5,16500,86,523,31,19
Sao Tome and Principe,66,64,68,410,210,0.2,0.2,76,85,0.86,0.58,Ñ,18,0.2,36,7,-6,0.3,0.4,43,4.3,42,4,3030,67,2239,38,33
SOUTHERN AFRICA,61,59,63,190,156,4.2,8.3,102,109,1.36,0.75,45,39,63,23,10,3,69,77,36,2.7,31,5,12290,59,464,60,59
Botswana,64,62,67,360,170,5.7,8.9,79,84,1.25,0.88,41,10,2.1,26,8,2,2.3,2.5,31,2.9,33,5,17460,57,755,53,51
Lesotho,44,43,46,720,490,5.9,10.2,45,62,1.46,0.8,Ñ,25,1.9,31,20,-5,2.3,3,59,3.3,36,5,3260,27,682,60,60
Namibia,64,62,67,320,130,2.9,5,Ñ,Ñ,1.28,0.86,43,38,2.5,29,7,0,3.3,4.7,39,3.6,35,4,9880,46,301,56,55
South Africa,61,59,63,150,140,4,8.1,107,114,1.37,0.74,46,41,55,22,10,3,59.8,65.2,34,2.6,30,6,12700,62,458,60,60
Swaziland,49,50,48,550,310,7.2,15.5,61,60,1.05,0.61,Ñ,15,1.3,30,14,-1,1.5,1.8,50,3.3,37,4,5940,21,733,66,66
AMERICAS,76,74,79,83,61,Ñ,Ñ,90,93,Ñ,0.73,45,22,987,16,7,1,1116,1221,14,2,24,10,29900,80,266,73,68
NORTHERN AMERICA,79,77,81,11,26,Ñ,Ñ,96,95,1.37,0.82,48,21,357,12,8,3,401,445,6,1.8,19,15,54620,81,178,74,68
Canada,81,79,84,6,11,Ñ,Ñ,112,111,Ñ,0.87,50,28,35.8,11,7,6,41,46.9,4.8,1.6,16,16,43400,80,79,74,72
United States,79,76,81,12,28,Ñ,Ñ,94,94,1.37,0.82,48,20,321.2,13,8,3,359.4,398.3,6,1.9,19,15,55860,81,207,74,68
LATIN AMERICA AND THE CARIBBEAN,75,72,78,130,79,0.2,0.1,87,92,Ñ,0.67,44,23,630,18,6,-1,716,776,17,2.1,27,7,15260,80,371,73,67
CENTRAL AMERICA,75,72,78,111,63,0.1,<0.1,80,86,1.02,0.56,40,34,173,20,5,-2,205,231,14,2.4,29,6,14420,74,585,71,65
Belize,74,71,77,75,45,0.3,0.4,83,89,1.68,0.6,Ñ,13,0.4,21,4,4,0.5,0.5,13,2.4,36,4,7870,44,475,55,52
Costa Rica,79,77,82,38,38,0.1,<0.1,105,113,1.24,0.59,43,33,4.8,15,4,2,5.6,6.1,8.1,1.9,23,7,13900,73,1972,76,75
El Salvador,73,68,77,110,69,0.2,0.2,70,71,1.13,0.61,33,32,6.4,18,5,-8,6.8,6.8,17,2,31,7,7720,67,904,72,68
Guatemala,73,69,76,270,140,0.2,0.2,68,62,1.04,0.56,37,13,16.2,25,5,-1,21.4,27.5,19,3.1,40,5,7260,52,1056,54,44
Honduras,74,72,76,290,120,0.2,0.2,64,78,1.38,0.52,Ñ,26,8.3,24,5,-2,10.2,11.7,22,2.7,34,5,4120,54,819,73,64
Mexico,75,73,78,88,49,0.1,<0.1,84,91,0.96,0.56,40,37,127,19,5,-2,148.1,163.8,13,2.3,28,7,16710,79,526,73,66
Nicaragua,75,72,78,170,100,0.2,<0.1,66,72,Ñ,0.59,Ñ,39,6.3,23,5,-4,7.4,8.4,16,2.4,32,5,4670,59,416,80,77
Panama,78,75,80,98,85,0.2,0.1,71,76,1.56,0.6,44,19,4,19,5,2,4.9,5.8,17,2.7,28,8,19630,78,744,63,60
CARIBBEAN,73,70,76,242,169,0.4,0.5,80,85,Ñ,0.7,45,24,43,18,8,-4,47,50,28,2.3,26,9,12800,68,793,62,59
Antigua and Barbuda,77,74,80,Ñ,Ñ,Ñ,Ñ,98,113,2.07,Ñ,51,26,0.09,14,6,0,0.1,0.1,16,1.5,24,8,21120,30,2248,Ñ,Ñ
Bahamas,74,71,77,43,37,Ñ,Ñ,90,95,Ñ,0.87,52,17,0.4,15,6,1,0.4,0.5,14,1.9,26,7,22310,85,4708,Ñ,Ñ
Barbados,75,73,78,120,52,Ñ,Ñ,99,111,2.45,0.86,52,20,0.3,12,9,2,0.3,0.3,19,1.7,20,13,14750,46,2525,59,55
Cuba,78,77,80,63,80,0.2,<0.1,92,92,1.65,0.62,45,49,11.1,11,8,-2,11.2,10.6,4.2,1.7,17,13,18710,75,348,74,72
Cura�ao,78,75,81,Ñ,Ñ,Ñ,Ñ,83,89,2.2,Ñ,Ñ,Ñ,0.2,13,8,1,0.2,0.2,8.7,2.1,19,15,Ñ,Ñ,Ñ,Ñ,Ñ
Dominica,75,72,77,Ñ,Ñ,Ñ,Ñ,93,100,Ñ,Ñ,Ñ,22,0.07,14,9,-5,0.07,0.06,20,2.1,22,10,10300,68,1133,Ñ,Ñ
Dominican Republic,73,70,77,240,100,0.4,0.4,72,80,1.6,0.65,42,19,10.5,21,6,-3,11.3,12.2,31,2.5,31,6,12450,72,1310,70,68
Grenada,76,74,79,34,23,Ñ,Ñ,102,100,1.36,Ñ,Ñ,25,0.1,17,8,-2,0.1,0.1,15,2.1,26,7,11650,41,3710,Ñ,Ñ
Guadeloupe,81,78,84,Ñ,Ñ,Ñ,Ñ,Ñ,Ñ,Ñ,Ñ,54,Ñ,0.4,13,7,-2,0.4,0.4,8.7,2.2,21,14,Ñ,98,Ñ,Ñ,Ñ
Haiti,64,61,65,670,380,0.5,0.8,Ñ,Ñ,Ñ,0.86,Ñ,3,10.9,28,9,-3,13.6,16.9,42,3.2,35,4,1750,59,1092,35,31
Jamaica,74,70,78,98,80,0.8,0.6,76,79,2.29,0.79,48,17,2.7,18,7,-5,2.9,2.7,21,2.3,24,9,8490,52,2268,73,68
Martinique,82,79,85,Ñ,Ñ,Ñ,Ñ,Ñ,Ñ,Ñ,Ñ,51,Ñ,0.4,11,8,-10,0.4,0.4,8,1.9,19,17,Ñ,89,Ñ,Ñ,Ñ
Puerto Rico,79,76,83,Ñ,Ñ,Ñ,Ñ,78,83,1.43,0.66,46,Ñ,3.5,10,8,-15,3.5,3.4,7.2,1.5,18,17,23960,99,5806,84,72
St. Kitts-Nevis,75,73,78,Ñ,Ñ,Ñ,Ñ,93,110,2.09,Ñ,Ñ,14,0.05,14,8,1,0.05,0.06,13,1.8,21,8,21990,32,921,Ñ,Ñ
St. Lucia,79,75,83,60,34,Ñ,Ñ,88,88,2,0.82,Ñ,21,0.2,12,6,0,0.2,0.2,18,1.5,22,9,10230,15,5855,56,52
St. Vincent and the Grenadines,71,70,74,48,45,Ñ,Ñ,105,101,Ñ,0.71,Ñ,13,0.1,17,8,-8,0.1,0.1,20,2,25,6,10610,51,2204,Ñ,Ñ
Trinidad and Tobago,75,71,78,89,84,Ñ,Ñ,Ñ,Ñ,Ñ,0.7,46,25,1.4,14,8,-1,1.3,1.2,13,1.7,21,9,26220,15,5375,43,38
SOUTH AMERICA,75,72,78,126,78,0.2,0.1,93,98,Ñ,0.71,45,18,414,17,6,0,464,496,18,2,26,8,14850,84,309,75,69
Argentina,77,73,80,71,69,0.2,0.1,103,112,1.57,0.63,42,37,42.4,18,8,0,49.4,58.4,10.8,2.2,24,11,Ñ,93,108,55,53
Bolivia,67,65,69,510,200,0.2,0.1,80,80,Ñ,0.79,37,52,10.5,26,7,-1,13,15.8,39,3.2,31,6,6130,69,242,61,34
Brazil,75,71,79,120,69,Ñ,Ñ,Ñ,Ñ,Ñ,0.74,47,11,204.5,15,6,0,223.1,226.3,19,1.8,24,7,15900,86,281,80,77
Chile,79,76,81,55,22,0.2,<0.1,99,100,1.11,0.66,39,16,18,14,6,2,19.6,20.2,7.4,1.8,21,10,21570,90,1347,61,Ñ
Colombia,75,72,79,100,83,0.2,0.1,89,97,1.14,0.7,46,21,48.2,19,6,-1,53.2,54.9,16,1.9,27,7,12600,76,3104,79,73
Ecuador,75,72,78,160,87,0.2,<0.1,101,106,1.31,0.66,38,42,16.3,21,5,0,19.8,23.4,17,2.6,31,7,11120,70,1425,73,59
French Guiana,80,77,83,Ñ,Ñ,Ñ,Ñ,Ñ,Ñ,Ñ,Ñ,46,Ñ,0.3,26,3,5,0.4,0.6,9,3.5,34,5,Ñ,77,Ñ,Ñ,Ñ
Guyana,66,64,69,210,250,0.7,1.2,94,109,2.14,0.53,Ñ,31,0.7,21,7,-7,0.8,0.7,32,2.6,27,6,6930,29,180,34,33
Paraguay,72,70,74,130,110,0.3,0.2,73,78,1.4,0.66,44,17,7,23,6,-1,8.5,10.1,29,2.8,33,5,8010,64,159,79,70
Peru,75,72,78,250,89,0.1,0.1,95,93,1.09,0.81,37,22,31.2,20,5,-1,35.9,40.1,17,2.5,29,6,11510,79,761,75,52
Suriname,71,68,74,84,130,0.3,0.5,66,86,Ñ,0.59,36,12,0.6,18,7,-2,0.7,0.7,17,2.3,28,6,15960,71,923,48,47
Uruguay,77,73,80,42,14,0.4,0.1,85,96,1.73,0.72,49,12,3.6,14,10,-1,3.7,3.8,8.9,1.9,21,14,20220,93,204,77,75
Venezuela,75,72,78,93,110,0.2,0.2,89,97,1.69,0.65,44,17,30.6,20,5,0,36.1,40.5,13.3,2.5,28,6,17140,94,1120,70,62
ASIA,72,70,74,272,108,Ñ,Ñ,78,77,1.01,0.6,25,18,4397,18,7,0,4939,5324,33,2.2,25,8,11450,47,938,66,60
ASIA (Excl. China),70,68,72,382,145,Ñ,Ñ,73,70,0.95,0.48,25,15,3017,21,7,0,3507,3949,38,2.4,28,6,10480,44,832,57,48
WESTERN ASIA,74,71,76,89,54,Ñ,Ñ,89,85,1,0.39,22,16,257,22,5,3,321,387,22,2.9,30,5,25130,71,705,54,37
Armenia,75,72,78,47,29,0.2,<0.1,91,104,1.51,0.75,44,11,3,14,9,-6,2.9,2.5,9,1.5,19,11,8550,63,675,55,26
Azerbaijan,74,72,77,60,26,0.1,<0.1,101,100,1.05,0.9,43,16,9.7,18,6,0,11,12.1,11,2.2,22,6,16910,53,510,51,13
Bahrain,76,75,76,21,22,Ñ,Ñ,104,99,2.18,0.45,21,15,1.4,15,2,5,1.7,1.9,8,2.1,21,2,38140,100,88490,62,31
Cyprus,80,78,82,18,10,Ñ,Ñ,94,96,1.18,0.79,52,13,1.2,12,6,-12,1.3,1.4,5,1.4,17,12,29800,67,1260,Ñ,Ñ
Georgia,75,71,79,50,41,0.3,<0.1,100,101,1.26,0.75,47,11,3.8,14,12,-2,4.9,4.7,10,1.7,17,14,7510,54,944,53,35
Iraq,69,67,71,110,67,Ñ,Ñ,Ñ,Ñ,Ñ,0.21,12,27,37.1,31,4,2,53.4,76.5,37,4.2,41,3,14670,71,1080,53,33
Israel,82,80,84,12,2,Ñ,Ñ,101,103,1.34,0.84,51,24,8.4,21,5,1,10.6,13.9,3,3.3,28,11,32550,91,2846,Ñ,Ñ
Jordan,74,73,77,86,50,Ñ,Ñ,87,89,1.15,0.23,16,12,8.1,28,6,3,9,11.4,17,3.5,37,3,11910,83,3810,61,42
Kuwait,74,73,76,12,14,Ñ,Ñ,Ñ,Ñ,2.24,0.52,Ñ,2,3.8,17,2,22,5,6.1,8,2.3,23,2,87700,98,35893,52,39
Lebanon,77,76,79,64,16,<0.1,<0.1,75,75,1.09,0.33,Ñ,3,6.2,15,5,31,5.5,5.6,8,1.7,26,6,17330,87,2993,58,34
Oman,77,75,79,48,11,<0.1,<0.1,85,99,1.45,0.35,Ñ,10,4.2,21,3,45,5.2,5.7,10,2.9,22,3,36240,75,13574,24,15
Palestinian Territory,73,72,75,Ñ,Ñ,Ñ,Ñ,79,86,1.5,Ñ,16,Ñ,4.5,32,4,-2,6.6,9.2,18,4.1,40,3,5080,83,9925,57,44
Qatar,78,78,79,11,6,Ñ,Ñ,107,117,6.66,0.53,13,0,2.4,12,1,28,2.8,3,7,2,15,1,133850,100,18750,38,34
Saudi Arabia,74,73,75,41,16,Ñ,Ñ,127,120,1.04,0.26,14,20,31.6,20,4,5,39,47.1,16,2.9,30,3,53760,81,979,24,Ñ
Syria,70,64,76,130,49,<0.1,<0.1,48,48,1.01,0.19,16,12,17.1,23,7,-26,26.1,31.2,16,2.8,33,4,Ñ,54,366,54,38
Turkey,77,75,79,48,20,Ñ,Ñ,104,101,0.86,0.42,26,14,78.2,17,5,3,88.4,93.5,11,2.2,24,8,19040,77,381,74,47
United Arab Emirates,77,76,78,16,8,Ñ,Ñ,Ñ,Ñ,Ñ,0.51,20,18,9.6,14,1,8,12.3,15.5,6,1.8,16,1,63750,83,19093,28,24
Yemen,65,62,67,460,270,<0.1,<0.1,58,40,0.44,0.35,12,0,26.7,33,7,1,35.7,46.1,43,4.4,41,3,3820,34,2110,34,29
SOUTH CENTRAL ASIA,68,66,70,507,174,Ñ,Ñ,69,65,0.91,0.38,19,14,1903,22,7,-1,2227,2526,45,2.5,30,5,6010,34,776,54,46
CENTRAL ASIA,69,65,72,76,40,<0.1,<0.1,100,97,0.87,0.71,Ñ,18,69,25,6,-1,82,96,37,2.9,29,5,9930,47,219,54,50
Kazakhstan,70,66,75,91,26,<0.1,<0.1,100,101,1.3,0.87,51,20,17.5,25,8,0,20.7,24.6,25,3,25,7,21580,53,76,51,50
Kyrgyzstan,70,66,74,85,75,<0.1,<0.1,88,88,1.61,0.7,42,23,6,27,6,-1,8.2,11.6,24,4,32,4,3220,36,463,42,40
Tajikistan,67,64,71,68,44,0.1,0.1,92,82,0.61,0.76,29,15,8.5,33,7,-3,11.2,14.8,40,3.8,36,3,2630,27,990,28,26
Turkmenistan,65,61,70,66,61,Ñ,Ñ,87,84,0.64,0.61,Ñ,26,5.4,21,8,-1,6.2,6.6,46,2.3,28,4,14520,50,279,48,46
Uzbekistan,68,65,72,66,36,<0.1,<0.1,106,104,0.65,0.64,Ñ,16,31.3,23,5,-1,36,38.3,44,2.4,28,4,5840,51,721,65,59
SOUTH ASIA,68,66,70,525,179,Ñ,Ñ,68,64,0.91,0.37,19,14,1834,22,7,-1,2145,2430,45,2.5,30,5,5870,33,857,54,46
Afghanistan,61,60,62,1200,400,<0.1,<0.1,70,38,0.33,0.2,18,25,32.2,34,8,2,45.8,64.3,74,4.9,45,2,1980,25,415,21,20
Bangladesh,70,71,550,170,<0.1,<0.1,50,57,0.72,0.68,18,,,160.4,20,6,-3,185.1,201.9,38,2.3,33,5,3340,23,2089,62,54
Bhutan,68,68,69,900,120,Ñ,Ñ,75,80,0.74,0.86,26,8,0.8,18,7,2,0.9,1.1,47,2.2,31,5,7560,38,764,66,65
India,68,66,69,560,190,Ñ,Ñ,73,69,0.92,0.34,19,12,1314.1,21,7,-1,1512.9,1660.1,42,2.3,29,5,5760,32,842,54,47
Iran,74,72,76,83,23,<0.1,<0.1,89,83,0.94,0.23,15,3,78.5,19,5,-1,90.2,99.3,15,1.8,24,5,16080,71,442,82,60
Maldives,74,73,75,430,31,Ñ,Ñ,Ñ,Ñ,1.13,0.73,41,6,0.3,22,3,0,0.4,0.6,9,2.2,26,5,12770,45,11565,35,27
Nepal,67,66,69,790,190,<0.1,<0.1,65,69,0.81,0.92,Ñ,30,28,22,7,-1,32.4,36,33,2.4,33,6,2420,18,1322,50,47
Pakistan,66,66,67,400,170,<0.1,<0.1,44,32,0.98,0.3,13,20,199,30,7,-2,254.7,344,69,3.8,36,4,5100,38,939,35,26
Sri Lanka,74,71,77,49,29,<0.1,<0.1,96,102,1.6,0.46,32,6,20.9,18,6,-4,22.5,23,9,2.3,25,8,10270,18,1672,68,53
SOUTHEAST ASIA,71,68,73,306,131,0.3,0.3,78,78,1.09,0.72,39,17,628,20,7,0,737,839,28,2.4,27,6,10720,47,906,62,54
Brunei,79,77,80,26,27,Ñ,Ñ,105,107,1.82,0.7,Ñ,Ñ,0.4,17,3,1,0.5,0.5,4,1.6,25,5,71020,77,9796,Ñ,Ñ
Cambodia,64,61,66,1200,170,0.1,0.2,49,41,0.61,0.91,41,19,15.4,24,6,-2,18.1,21.3,28,2.7,31,6,3080,21,376,56,39
Indonesia,71,69,73,430,190,0.4,0.4,84,82,1.03,0.61,35,17,255.7,21,6,-1,307.6,366.5,31,2.6,29,5,10250,54,1086,62,58
Laos,68,67,70,1100,220,0.1,0.2,53,48,0.88,0.96,35,25,6.9,27,6,-3,8.8,10.6,68,3.1,37,4,4910,38,475,50,42
Malaysia,75,73,77,56,29,0.1,<0.1,73,69,1.21,0.59,39,14,30.8,17,5,3,36,42.3,7,2,26,6,23850,74,3231,49,32
Myanmar,65,63,67,580,200,0.4,0.3,49,51,1.23,0.91,Ñ,5,52.1,19,9,-1,56.5,56.5,62,2.3,24,5,Ñ,34,481,46,46
Philippines,69,65,72,110,120,<0.1,<0.1,83,88,1.26,0.64,42,27,103,23,6,-1,127.8,157.1,23,2.9,34,4,8300,44,1857,55,38
Singapore,83,80,85,8,6,Ñ,Ñ,Ñ,Ñ,Ñ,0.76,47,25,5.5,10,5,14,6.5,7,1.8,1.3,16,11,80270,100,879543,62,55
Thailand,75,72,78,42,26,0.3,0.2,83,89,1.34,0.8,45,6,65.1,12,8,0,69.8,66.1,11,1.6,18,11,13950,49,393,79,77
Timor-Leste,68,66,69,1200,270,Ñ,Ñ,56,57,0.73,0.48,23,38,1.2,36,8,-9,1.8,2.8,45,5.7,42,5,5680,32,775,22,21
Viet Nam,73,71,76,140,49,0.3,0.2,Ñ,Ñ,0.9,0.89,41,24,91.7,17,7,0,103.2,108.2,16,2.4,24,7,5350,33,1436,76,57
EAST ASIA,76,74,79,87,31,Ñ,Ñ,92,95,1.13,0.81,Ñ,23,1609,12,7,0,1654,1572,11,1.6,17,12,16040,59,1380,82,81
China,75,73,78,97,32,Ñ,Ñ,91,94,1.15,0.82,Ñ,24,1371.9,12,7,0,1422.5,1365.7,12,1.7,17,10,13130,55,1293,85,84
China Hong Kong SARf,84,81,87,Ñ,Ñ,Ñ,Ñ,101,98,1.13,0.76,50,Ñ,7.3,9,6,3,8.1,8.6,1.6,1.2,11,15,56570,100,231314,80,75
China Macao SARf,83,80,86,Ñ,Ñ,Ñ,Ñ,97,95,1.28,0.85,48,Ñ,0.7,12,3,11,0.7,0.8,3,1.2,11,8,118460,100,Ñ,Ñ,Ñ
Japan,83,80,87,14,6,Ñ,Ñ,102,102,0.9,0.69,43,12,126.9,8,10,1,116.6,96.9,2.1,1.4,13,26,37920,93,3000,54,44
Korea North,70,66,74,85,87,Ñ,Ñ,Ñ,Ñ,Ñ,0.86,Ñ,16,25,14,9,0,26.7,27,25,2,22,10,Ñ,61,1064,71,65
Korea South,82,79,85,18,27,Ñ,Ñ,100,98,0.75,0.69,43,16,50.7,9,5,3,52.2,48.1,3,1.2,14,13,34620,82,3339,80,70
Mongolia,69,65,75,100,68,Ñ,Ñ,88,95,1.42,0.82,50,15,3,28,6,-1,3.7,4.4,21,3.1,27,4,11230,68,487,55,50
Taiwan,80,77,83,Ñ,Ñ,Ñ,Ñ,Ñ,Ñ,Ñ,Ñ,Ñ,Ñ,23.5,9,7,1,23.4,20.4,3.9,1.2,14,12,Ñ,73,Ñ,71,Ñ
EUROPE,78,74,81,33,12,Ñ,Ñ,109,108,1.26,0.79,48,25,742,11,11,2,744,728,6,1.4,16,17,31650,73,269,70,61
EUROPEAN UNION,81,78,83,20,8,Ñ,Ñ,113,114,1.27,0.79,48,29,510,10,10,2,520,518,4,1.6,16,19,36280,73,470,72,64
NORTHERN EUROPE,81,78,83,12,7,Ñ,Ñ,125,130,1.37,0.83,50,28,103,12,9,4,112,120,4,1.8,18,17,40340,79,522,81,78
Channel Islands,82,80,85,Ñ,Ñ,Ñ,Ñ,Ñ,Ñ,Ñ,Ñ,Ñ,Ñ,0.2,10,7,3,0.2,0.2,2.9,1.7,16,16,Ñ,31,3819,Ñ,Ñ
Denmark,81,79,83,9,5,<0.1,<0.1,130,133,1.38,0.88,50,38,5.7,10,9,7,6,6.3,4,1.7,17,19,46160,87,235,Ñ,Ñ
Estonia,77,73,81,48,11,Ñ,Ñ,105,104,1.48,0.82,52,24,1.3,10,12,-1,1.3,1.2,2.8,1.5,16,19,25690,68,212,63,58
Finland,81,78,84,6,4,Ñ,Ñ,137,150,1.21,0.87,52,42,5.5,10,10,3,5.8,6.1,2.2,1.7,16,20,40000,85,244,77,75
Iceland,82,81,84,7,4,Ñ,Ñ,113,111,1.72,0.91,51,41,0.3,13,6,3,0.4,0.4,1.7,1.9,20,14,42530,95,275,Ñ,Ñ
Ireland,81,79,83,6,9,0.1,<0.1,118,120,1.03,0.78,52,20,4.6,15,6,-5,5.2,5.8,3.7,2,22,13,40820,60,395,65,61
Latvia,74,70,79,57,13,Ñ,Ñ,109,105,1.49,0.81,53,18,2,11,14,-4,1.6,1.4,3.5,1.6,15,19,23150,68,168,68,56
Lithuania,74,69,79,34,11,Ñ,Ñ,111,105,1.45,0.83,53,23,2.9,11,14,-4,2.7,2.4,3.8,1.7,15,18,25390,67,129,63,50
Norway,82,80,84,9,4,<0.1,<0.1,115,111,1.5,0.89,49,40,5.2,12,8,7,5.9,6.7,2.4,1.8,18,16,65970,80,646,88,82
Sweden,82,80,84,6,4,<0.1,<0.1,121,137,1.56,0.89,50,44,9.8,12,9,8,11.4,12.4,2.2,1.9,17,20,46710,84,376,75,65
United Kingdom,81,79,83,10,8,Ñ,Ñ,126,132,1.35,0.81,49,24,65.1,12,9,4,71,77,3.9,1.9,18,17,38370,80,1047,84,84
WESTERN EUROPE,81,79,84,12,7,Ñ,Ñ,111,110,1.1,0.82,49,33,191,10,10,4,198,199,3,1.7,16,19,44790,77,566,71,68
Austria,81,78,84,10,4,Ñ,Ñ,101,97,1.2,0.81,48,30,8.6,10,9,6,9.2,9.5,3,1.5,14,18,45040,67,638,70,68
Belgium,80,78,83,10,6,Ñ,Ñ,155,176,1.3,0.8,48,42,11.2,11,10,5,12.3,13.1,3.8,1.8,17,18,43030,99,1397,70,69
France,82,79,85,12,9,Ñ,Ñ,108,110,1.25,0.82,50,26,64.3,12,8,0,68.5,72.3,3.5,2,19,18,39720,78,352,76,74
Germany,80,78,83,13,7,Ñ,Ñ,104,98,0.93,0.81,48,37,81.1,8,11,5,81.1,76.4,3.3,1.5,13,21,46840,73,685,66,62
Liechtenstein,82,81,84,Ñ,Ñ,Ñ,Ñ,119,101,0.55,Ñ,44,20,0.04,9,7,4,0.04,0.05,3.3,1.5,15,16,Ñ,15,1249,Ñ,Ñ
Luxembourg,82,80,84,6,11,Ñ,Ñ,98,102,1.13,0.78,45,28,0.6,11,7,19,0.7,0.7,3.1,1.5,17,14,57830,90,908,Ñ,Ñ
Monaco,Ñ,Ñ,Ñ,Ñ,Ñ,Ñ,Ñ,Ñ,Ñ,Ñ,Ñ,Ñ,21,0.04,6,7,13,0.04,0.05,Ñ,1.4,13,24,Ñ,100,Ñ,Ñ,Ñ
Netherlands,81,79,83,11,6,Ñ,Ñ,131,130,1.1,0.83,49,37,16.9,10,9,2,17.6,17.9,3.8,1.7,17,17,47660,90,1675,69,67
Switzerland,83,81,85,8,6,Ñ,Ñ,98,95,1,0.83,48,28,8.3,10,8,11,8.7,9,3.9,1.5,15,18,59600,74,2057,82,78
EASTERN EUROPE,73,68,78,62,19,Ñ,Ñ,101,98,1.31,0.78,49,16,292,12,13,1,280,260,8,1.6,16,14,21130,69,153,69,57
Belarus,73,67,78,37,1,0.1,0.2,106,104,1.35,0.79,51,29,9.5,13,13,2,9.1,8.7,4.4,1.7,16,14,17610,76,173,63,51
Bulgaria,75,71,78,24,5,Ñ,Ñ,101,96,1.27,0.81,50,20,7.2,9,15,0,6.6,5.8,7.6,1.5,14,20,15850,73,216,69,40
Czech Republic,79,76,82,15,5,Ñ,Ñ,103,104,1.43,0.75,46,20,10.6,10,10,2,10.8,11.1,2.4,1.5,15,17,26970,74,334,86,78
Hungary,76,72,79,23,14,Ñ,Ñ,108,108,1.28,0.75,48,10,9.8,9,13,-3,9.7,9.4,4.6,1.4,15,18,23830,69,224,81,71
Moldova,72,68,76,61,21,Ñ,Ñ,88,89,1.29,0.85,55,22,4.1,11,11,-1,3.7,2.9,10,1.3,16,10,5480,42,227,60,42
Poland,78,74,82,17,3,<0.1,<0.1,111,107,1.55,0.75,47,22,38.5,10,10,0,37.2,34,4.2,1.3,15,15,24090,60,352,Ñ,Ñ
Romania,75,71,78,170,33,Ñ,Ñ,96,94,1.33,0.75,46,12,19.8,9,13,-4,18.6,16.4,8.8,1.3,16,17,19030,54,226,70,51
Russiag,71,65,76,74,24,Ñ,Ñ,98,96,1.26,0.8,50,15,144.3,13,13,2,140.4,134.2,9.3,1.8,16,13,24710,74,121,68,55
Slovakia,76,73,80,15,7,<0.1,<0.1,92,93,1.54,0.74,48,19,5.4,10,9,0,5.4,5,6,1.4,15,14,25970,54,389,80,66
Ukraineg,71,66,76,49,23,0.2,0.6,100,97,1.19,0.8,49,12,42.8,11,15,1,38.2,32.3,9.6,1.5,15,15,8560,69,132,68,61
SOUTHERN EUROPE,81,79,84,11,6,Ñ,Ñ,109,109,1.3,0.73,46,32,156,9,10,0,154,149,4,1.4,15,19,29730,68,517,66,48
Albania,78,76,80,31,21,Ñ,Ñ,84,80,1.3,0.69,41,21,2.9,12,7,-6,3,2.8,7.9,1.8,19,12,10260,56,467,69,10
Andorra,Ñ,Ñ,Ñ,Ñ,Ñ,Ñ,Ñ,Ñ,Ñ,Ñ,Ñ,47,39,0.08,9,4,-7,0.08,0.07,3.4,1.3,15,18,Ñ,86,3254,Ñ,Ñ
Bosnia-Herzegovina,75,72,78,19,8,Ñ,Ñ,Ñ,Ñ,Ñ,0.6,38,19,3.7,7,9,0,3.5,3.2,5,1.2,15,16,10020,40,363,46,12
Croatia,77,74,81,8,13,Ñ,Ñ,97,100,1.36,0.77,48,26,4.2,9,12,-2,4,3.6,4.1,1.5,15,18,20560,56,468,Ñ,Ñ
Greece,81,78,83,6,5,Ñ,Ñ,110,107,1.02,0.71,43,23,11.5,9,10,-1,11.1,9.7,3.7,1.3,15,21,26130,78,454,76,46
Italy,83,80,85,10,4,Ñ,Ñ,100,98,1.42,0.67,46,30,62.5,8,10,2,63.5,63.5,2.9,1.4,14,22,34710,68,878,63,41
Kosovoh,77,74,79,Ñ,Ñ,Ñ,Ñ,Ñ,Ñ,Ñ,Ñ,Ñ,Ñ,1.8,13,4,-12,1.9,1.9,12,2.3,28,7,9410,38,Ñ,66,14
Macedoniai,75,73,77,15,7,Ñ,Ñ,83,82,1.2,0.64,42,33,2.1,11,10,0,2,1.8,10,1.5,17,13,12600,57,500,40,27
Malta,82,80,84,12,9,Ñ,Ñ,85,88,1.32,0.57,41,13,0.4,10,8,3,0.4,0.4,5.5,1.4,15,16,27020,95,4799,86,46
Montenegro,77,74,79,8,7,Ñ,Ñ,91,91,1.27,0.75,47,17,0.6,12,10,-1,0.7,0.8,4.4,1.6,18,14,14510,64,362,23,15
Portugal,80,77,83,15,8,Ñ,Ñ,123,123,1.18,0.83,50,31,10.3,8,10,-3,9.9,9.1,2.8,1.2,14,19,28010,61,950,87,83
San Marino,87,84,89,Ñ,Ñ,Ñ,Ñ,93,96,1.38,Ñ,43,17,0.03,9,8,5,0.03,0.03,2.2,1.5,15,18,Ñ,94,3293,Ñ,Ñ
Serbia,75,73,78,18,16,Ñ,Ñ,93,96,1.33,0.73,45,34,7.1,9,14,-2,6.8,6.1,5.7,1.6,14,18,12150,60,216,58,18
Slovenia,81,78,84,11,7,<0.1,<0.1,110,110,1.46,0.83,47,28,2.1,10,9,0,2.1,2,2.1,1.6,15,18,28650,50,1206,79,63
Spain,83,80,86,7,4,Ñ,Ñ,130,131,1.22,0.8,47,38,46.4,9,9,-2,45.4,43.7,2.9,1.3,15,18,32860,77,373,66,62
OCEANIA,77,75,80,84,54,Ñ,Ñ,106,98,Ñ,0.83,47,25,40,18,7,6,48,59,22,2.5,24,12,31600,70,82,62,58
Australia,82,80,84,7,6,Ñ,Ñ,141,130,1.37,0.82,47,31,23.9,13,7,8,28.5,34,3.6,1.9,19,15,42880,89,51,72,68
Federated States of Micronesia,70,69,72,170,96,Ñ,Ñ,Ñ,Ñ,Ñ,Ñ,Ñ,0,0.1,24,5,-14,0.1,0.1,29,3.5,34,4,3680,22,5074,Ñ,70
Fiji,70,67,73,89,59,<0.1,<0.1,84,93,Ñ,0.52,Ñ,14,0.9,21,8,-6,0.9,1,15,3.1,29,5,8030,51,527,29,Ñ
French Polynesia,77,75,79,Ñ,Ñ,Ñ,Ñ,Ñ,Ñ,Ñ,0.73,45,Ñ,0.3,16,5,0,0.3,0.3,6,2,24,7,Ñ,56,10265,Ñ,Ñ
Guam,79,76,82,Ñ,Ñ,Ñ,Ñ,Ñ,Ñ,Ñ,0.8,44,Ñ,0.2,21,6,-6,0.2,0.2,13.3,2.9,26,8,Ñ,93,17953,67,58
Kiribati,65,63,68,250,130,Ñ,Ñ,82,91,Ñ,Ñ,44,9,0.1,30,9,-1,0.2,0.2,45,3.8,36,4,2580,54,5600,22,18
Marshall Islands,72,70,75,Ñ,Ñ,Ñ,Ñ,101,104,0.92,Ñ,Ñ,3,0.06,30,4,-17,0.06,0.07,26,4.1,41,3,4630,74,2753,45,42
Nauru,66,62,70,Ñ,Ñ,Ñ,Ñ,81,77,Ñ,Ñ,Ñ,5,0.01,35,8,-9,0.01,0.02,33,3.9,37,1,Ñ,100,Ñ,36,23
New Caledonia,77,74,81,Ñ,Ñ,Ñ,Ñ,Ñ,Ñ,Ñ,0.68,Ñ,Ñ,0.3,15,6,4,0.3,0.3,5,2.3,24,9,Ñ,70,4959,Ñ,Ñ
New Zealand,81,80,83,18,8,Ñ,Ñ,116,122,1.45,0.84,47,31,4.6,13,7,11,5.2,5.7,5.7,1.9,20,15,33760,86,794,75,72
Palau,72,69,76,Ñ,Ñ,Ñ,Ñ,111,117,1.55,Ñ,Ñ,10,0.02,13,11,0,0.02,0.02,13,1.7,20,6,14280,84,1779,33,30
Papua New Guinea,62,60,65,470,220,0.2,0.2,46,34,Ñ,0.95,Ñ,3,7.7,33,10,0,10.5,14.2,47,4.3,39,3,2510,13,2443,32,24
Samoa,74,73,76,150,58,Ñ,Ñ,81,90,Ñ,0.4,37,6,0.2,29,5,-28,0.2,0.2,16,4.7,39,5,5600,19,2451,29,27
Solomon Islands,70,67,74,320,130,Ñ,Ñ,50,47,Ñ,0.68,Ñ,2,0.6,30,5,0,0.9,1.4,26,4.1,39,3,2020,20,3276,35,27
Tonga,76,74,77,71,120,Ñ,Ñ,100,104,Ñ,0.72,Ñ,0,0.1,27,7,-19,0.1,0.1,17,3.9,37,6,5300,23,646,34,28
Tuvalu,70,67,72,Ñ,Ñ,Ñ,Ñ,85,106,Ñ,Ñ,Ñ,7,0.01,25,9,0,0.01,0.02,10,3.2,33,5,5260,59,Ñ,31,22
Vanuatu,71,70,73,170,86,Ñ,Ñ,60,59,Ñ,0.77,37,0,0.3,33,5,0,0.4,0.5,28,4.2,39,4,2870,24,1423,49,36